"Trait","Total number of SNPs in the GWAS study after quality control","Estimated # of susceptibility SNPs (contain outlier)","sd_num_sSNP","Estimated # of susceptibility SNPs  in cluster with larger effects  (contain outlier)","sd_num_sSNP1","Heritability explained in cluster with larger effects  (contain outlier)","sd_herit1","Heritability explained in cluster with smaller effects","sd_herit2","Estimate of total observed scale heritability  (contain outlier)","sd_herit","BIC","AUC  (contain outlier)","sd_AUC","pic","sd_pic","p1","sd_p1","sig1","sd_sig1","sig2","sd_sig2","a","sd_a","llk","Average heritability explained per sSNP (no outlier)","sd_effect per sSNP","# of cases","#of controls","current cases","current controls","herit_OutlierIndep","n_OutlierIndep","# of effective causal SNPs"
"CLL","1068036","2025","1501","51.8","15.47","0.66582734663645","0.1401","0.959","0.363","1.62282734663645","0.3692","-5110762.37163505","0.816148686211072","0.0272454738499505","0.00188808078379802","0.00140165906764767","0.0241419698241371","0.0190699396503802","0.0103146504053455","0.0024750222288111","0.000485967597041909","0.000286975694949958","1.44062405150161e-05","4.59775301803717e-06","2555967.90854734","0.000723251360810988","0.00043618208822505","3100","7667","3100","7667","0.16282734663645","3","378.392874563808"
"Esophageal","1068728","3641","2515",NA,NA,NA,NA,NA,NA,"1.24","0.3559","-5229092.20322008","0.784476357019695","0.0330636601518901","0.003400760974837","0.00234853613542434",NA,NA,"0.000341320258295892","0.000186825439232285",NA,NA,"1.49549990244662e-05","4.57530656753727e-06","2615060.55920338","0.000341320258295892","0.000186825439232285","3914","6718","10279","17159","0","0","3641.45663435304"
"Testicular","1066591","2598","2088","196","75.22","1.52506587923293","0.3243","1.28","0.3841","2.80506587923293","0.4011","-5323805.46686441","0.881850032995991","0.0167529018224067","0.00242095167331262","0.00195021280662241","0.0733981991252133","0.0464683891626113","0.00578262904837085","0.00124170729931378","0.000532090071857512","0.000456651332708167","1.19617751792397e-05","4.22485887667686e-06","2662806.23657523","0.000917470177170332","0.000662636498713343","3558","13970","3558","13970","0.425065879232933","6","805.069736952584"
"Oropharyngeal","1065909","3623","2060",NA,NA,NA,NA,NA,NA,"0.683","0.265","-5481906.35577162","0.720517664726318","0.0381280690609627","0.00338327190007778","0.00192399441712255",NA,NA,"0.00018855546935983","5.34154472534668e-05",NA,NA,"1.33036573264966e-05","3.54340294838905e-06","2741363.05910293","0.00018855546935983","5.34154472534668e-05","6034","6585","25000","25000","0","0","3622.72973534959"
"Pancreas","915805","1757","1490","46.8","26.66","0.186586331628926","0.05747","0.41","0.1612","0.596586331628926","0.1598","-5129279.79423388","0.707522781866686","0.0251380542901404","0.00163882695450003","0.00139118370982568","0.0255236946989959","0.0238811199241654","0.00329906825589078","0.000989714181560246","0.000239735834817513","0.000170971149032452","1.00475198862397e-05","2.04553293703182e-06","2565175.78028462","0.000317821301515727","0.000220450637585541","8638","12217","9040","12496","0.0385863316289257","2","531.622461229783"
"Renal","1067952","2220","1555","45.6","36.13","0.134114041988484","0.05349","0.431","0.121","0.566114041988484","0.1225","-6322905.6604616","0.70264774917871","0.0199335268846661","0.00207166979408402","0.00145244066572132","0.0196383061784843","0.0169526535440627","0.00251342758087478","0.00106281305106335","0.000198222682470621","0.000117885977240444","6.73439872004527e-06","1.53279371931625e-06","3162127.57029569","0.000243689385131409","0.000136614217822062","10784","20407","10784","20407","0.0251140419884844","2","810.982785929459"
"Glioma","1067960","2364","1593","61.4","25.49","0.481778682104543","0.03994","0.393","0.1138","0.873778682104543","0.1143","-6386396.76047021","0.74568616411937","0.0138624906195061","0.00219860139982265","0.00148791305992576","0.0218314139382252","0.0149471960721024","0.00247017618970839","0.000659239740700481","0.000170451043916716","9.82762807399325e-05","5.07400592652117e-06","1.41468163838232e-06","3193814.67695473","0.000220657295518639","0.00012215265249378","12488","18169","12496","18190","0.354778682104543","10","712.200363421682"
"Melanoma","1052042","1098","533.2","106.2","58.27","0.336973074646028","0.07584","0.313","0.09501","0.649973074646028","0.09234","-6485098.51510109","0.715686891586585","0.0137321117660716","0.00101800130114008","0.000497933472075907","0.0900907033230748","0.0638052466205603","0.00169983464634806","0.00031970997296756","0.000315889913488343","0.000124962428297956","-4.72113510601897e-06","1.0855757566362e-06","3243182.9055531","0.00044057046783194","0.000157461286964265","12874","23203","12874","23203","0.169973074646028","8","607.033951548574"
"Colorectal","1058067","1484","695.9","14.4","11.35","0.0321","0.0197","0.397","0.09605","0.429","0.09648","-6555521.03709095","0.678368508536339","0.018663609445743","0.00138617840170563","0.000649947225753185","0.00970468304284107","0.00807072352885731","0.00223105584276641","0.0005778605415095","0.000269950437998924","7.97834568982929e-05","2.85214781897375e-06","1.20500424176173e-06","3278322.94551146","0.000288982344365795","8.37158171740867e-05","17050","19529","18299","19656","0","0","1028.90220486815"
"Endometrial","1068132","1052","772.3","45.8","33.52","0.07092894758687","0.0404","0.2","0.06984","0.27122894758687","0.07195","-6830433.66863673","0.643659829573131","0.0182087252265076","0.000981654783396959","0.000721288898452942","0.0426199009222818","0.0339918544467058","0.00142139855269737","0.000344443619187183","0.000198844248479316","0.000119397873127958","7.02412924621815e-06","8.89683103643426e-07","3415904.25393857","0.000250949391797198","0.000134059314595687","12906","108979","12906","108979","0.00722894758687002","1","534.508293504884"
"Ovarian","1068810","1015","715.2","49","30.5","0.0869733049061917","0.03218","0.154","0.05635","0.241373304906192","0.05827","-7113595.4241279","0.635854525194066","0.0157492072605489","0.000946208890941258","0.000667906380812057","0.0463429725089653","0.0396147923678691","0.00137489743668916","0.000420317389303004","0.000159417864853602","8.54280161842362e-05","3.03100182568249e-06","6.98352093682279e-07","3557601.27601429","0.000215746801236386","0.000111921231264904","22406","40951","25509","40941","0.0223733049061917","2","422.505635051306"
"Lung","1009906","6096","2750","15","7.309","0.0595891912150169","0.009859","0.332","0.05472","0.391189191215017","0.05554","-6931870.23638086","0.670849745090438","0.0113580741008093","0.0056905315430165","0.00256779025140333","0.00197727390817629","0.0013108074636303","0.0018628040773993","0.000669214606511274","5.45535752916407e-05","1.9649045952853e-05","3.76635613611991e-06","6.75337354462025e-07","3466615.84506905","5.81289818289049e-05","2.08013758550374e-05","29266","56450","29266","56450","0.0371891912150168","3","2095.24383475451"
"Prostate","806175","4530","1052","276","99.34","0.39036847132478","0.03763","0.381","0.04632","0.77136847132478","0.04133","-5912012.0580986","0.732711640186928","0.00547330018869314","0.00418787256313214","0.000982880831638551","0.0512618128084451","0.0194323329538039","0.000550194844833372","9.14978157349137e-05","8.95096185287646e-05","2.06277574864238e-05","2.21342183558628e-06","4.13800987123895e-07","2956678.6283898","0.000113125178363208","2.09455634716491e-05","79148","61106","79194","61112","0.26436847132478","46","2507.6980902499"
"Breast","1067495","7599","1615","587","133.1","0.335774300562659","0.02986","0.267","0.03321","0.601774300562659","0.02911","-8114475.72906116","0.708336604464833","0.00455358706619725","0.00706159389041764","0.00150838662606515","0.0726129280899855","0.0195924074832269","0.000330713591479094","3.58702232003254e-05","3.80496809472549e-05","8.7069621861281e-06","2.61908533817463e-06","2.69046175434389e-07","4057985.23867203","5.93008644372373e-05","1.09945728693856e-05","108067","88386","122977","105974","0.153774300562659","38","2878.36239432307"
